{
  "latency_ms_per_token": {
    "mean": 0.04910907591693103,
    "min": 0.04910907591693103,
    "max": 0.04910907591693103,
    "values": [
      0.04910907591693103
    ]
  },
  "throughput_tokens_per_sec": {
    "mean": 20362.834798429514,
    "min": 20362.834798429514,
    "max": 20362.834798429514,
    "values": [
      20362.834798429514
    ]
  },
  "memory_gb": {
    "mean": 0.0,
    "max": 0.0,
    "utilization_pct": 0.0
  },
  "total_runs": 1,
  "scenario": {
    "name": "Baseline_Single_Context8K",
    "batch_size": 1,
    "context_length": 8192,
    "max_new_tokens": 8192,
    "use_speculation": false,
    "num_spec_tokens": 0
  },
  "system": {
    "gpu_name": "NVIDIA RTX PRO 6000 Blackwell Max-Q Workstation Edition",
    "gpu_memory_total_gb": 101.958877184,
    "timestamp": "2025-12-17T08:34:06.742191",
    "engine": "drift"
  }
}