{
  "latency_ms_per_token": {
    "mean": 10.511105715078179,
    "min": 10.511105715078179,
    "max": 10.511105715078179,
    "values": [
      10.511105715078179
    ]
  },
  "throughput_tokens_per_sec": {
    "mean": 95.13746955903034,
    "min": 95.13746955903034,
    "max": 95.13746955903034,
    "values": [
      95.13746955903034
    ]
  },
  "memory_gb": {
    "mean": 0.0,
    "max": 0.0,
    "utilization_pct": 0.0
  },
  "total_runs": 1,
  "scenario": {
    "name": "Baseline_Single_Context8K",
    "batch_size": 1,
    "context_length": 8192,
    "max_new_tokens": 8192,
    "use_speculation": false,
    "num_spec_tokens": 0,
    "perf_mode": false,
    "micro_run": true
  },
  "system": {
    "gpu_name": "NVIDIA RTX PRO 6000 Blackwell Max-Q Workstation Edition",
    "gpu_memory_total_gb": 101.958877184,
    "timestamp": "2025-12-15T16:01:27.823876",
    "turbomind_build_id": "eagle3-align-debug-v1"
  }
}