{
  "latency_ms_per_token": {
    "mean": 30.665103126974667,
    "min": 30.665103126974667,
    "max": 30.665103126974667,
    "values": [
      30.665103126974667
    ]
  },
  "throughput_tokens_per_sec": {
    "mean": 32.61035829096386,
    "min": 32.61035829096386,
    "max": 32.61035829096386,
    "values": [
      32.61035829096386
    ]
  },
  "memory_gb": {
    "mean": 0.0,
    "max": 0.0,
    "utilization_pct": 0.0
  },
  "total_runs": 1,
  "scenario": {
    "name": "Baseline_Single_Context32K",
    "batch_size": 1,
    "context_length": 32768,
    "max_new_tokens": 16,
    "use_speculation": false,
    "num_spec_tokens": 0,
    "perf_mode": false,
    "micro_run": true
  },
  "system": {
    "gpu_name": "NVIDIA RTX PRO 6000 Blackwell Max-Q Workstation Edition",
    "gpu_memory_total_gb": 101.958877184,
    "timestamp": "2025-12-15T16:05:08.442140",
    "turbomind_build_id": "eagle3-align-debug-v1"
  }
}